duration_seconds,cpu0_package_joules,cpu0_dram_joules,cpu1_package_joules,cpu1_dram_joules,schema,text
0.972780,94.541931,12.169819,92.795349,11.665959,S1,1Ko
0.976683,96.332947,12.217111,90.904724,11.626118,S1,1Ko
0.942367,93.412659,11.788390,87.737244,11.213125,S1,1Ko
0.951103,94.199646,11.884795,88.579407,11.298668,S1,1Ko
0.958949,94.920410,12.003997,89.320312,11.423286,S1,1Ko
2.074035,202.033264,25.954339,195.257446,24.777141,S1,1Ko
1.004140,99.110352,12.578008,93.584595,11.977345,S1,1Ko
0.967305,93.925659,12.072847,92.147217,11.558461,S1,1Ko
1.101159,108.618469,13.761784,102.415161,13.073467,S1,1Ko
0.958975,94.539062,11.975815,89.427917,11.425795,S1,1Ko
0.991828,97.804016,12.401813,92.403564,11.822448,S1,1Ko
0.991537,97.855774,12.385488,92.274475,11.805373,S1,1Ko
1.006278,99.114624,12.561514,93.596619,11.954441,S1,1Ko
0.983838,97.094666,12.294698,91.594360,11.716358,S1,1Ko
0.967838,95.620361,12.106890,90.135498,11.534410,S1,1Ko
0.983885,95.510193,12.271258,93.783752,11.750293,S1,1Ko
0.933290,90.624084,11.641648,89.119995,11.156301,S1,1Ko
1.085011,107.055908,13.550154,100.984924,12.904693,S1,1Ko
0.969522,96.046814,12.115213,90.347412,11.525949,S1,1Ko
0.975201,96.229370,12.189510,90.818970,11.624267,S1,1Ko
0.977218,96.546143,12.205315,90.884338,11.626317,S1,1Ko
0.974848,96.254578,12.171624,90.791504,11.609701,S1,1Ko
1.470144,143.043945,18.474061,139.420166,17.661968,S1,1Ko
1.058885,105.430298,13.464245,99.642273,12.796002,S1,1Ko
0.966002,93.894348,12.084246,92.048218,11.567932,S1,1Ko
0.987952,97.597656,12.351369,91.971802,11.764858,S1,1Ko
1.139303,110.804626,14.269331,108.672791,13.789079,S1,1Ko
0.934855,92.480896,11.705311,86.962708,11.112145,S1,1Ko
1.041816,102.796082,13.006025,97.050049,12.390812,S1,1Ko
0.976322,96.408813,12.187490,90.854980,11.598609,S1,1Ko
2.442886,241.583008,30.376651,227.113708,28.960146,S1,5Ko
2.392633,237.292603,29.762203,222.452698,28.332968,S1,5Ko
2.408953,238.228027,29.959664,223.981995,28.513738,S1,5Ko
2.344639,232.160889,29.159367,217.854248,27.749472,S1,5Ko
2.492923,247.106506,31.003492,231.726624,29.533988,S1,5Ko
2.474404,245.620728,30.735084,230.121460,29.262994,S1,5Ko
2.416431,240.171509,30.048649,224.611450,28.603518,S1,5Ko
2.419584,239.452759,30.069687,225.027100,28.654972,S1,5Ko
2.365158,234.693970,29.430667,219.986694,28.037097,S1,5Ko
2.333318,231.541992,29.019541,217.018616,27.619728,S1,5Ko
2.348776,233.471985,29.180542,218.347351,27.713012,S1,5Ko
2.708251,267.869385,33.683072,251.814575,31.936761,S1,5Ko
2.343641,232.313965,29.155680,217.888550,27.703022,S1,5Ko
2.398917,237.799377,29.857200,222.863892,28.348177,S1,5Ko
2.383172,236.135071,29.624931,221.629700,28.192285,S1,5Ko
2.398862,237.746521,29.811897,222.929443,28.353103,S1,5Ko
2.332840,231.409424,29.016419,216.780090,27.566591,S1,5Ko
2.350704,233.864441,29.239172,218.568787,27.839987,S1,5Ko
2.433418,241.628845,30.230092,226.168396,28.780723,S1,5Ko
2.465463,244.870728,30.639551,229.250854,29.198581,S1,5Ko
2.366563,235.078308,29.407120,219.981567,28.016396,S1,5Ko
2.399937,238.296692,29.826937,223.158508,28.455736,S1,5Ko
2.392315,236.723450,29.736866,222.502319,28.334682,S1,5Ko
2.367696,234.671082,29.438531,220.075012,27.994318,S1,5Ko
2.375051,236.695068,29.800621,221.262634,28.233488,S1,5Ko
2.437461,241.339417,30.305842,226.677795,28.808508,S1,5Ko
2.476347,245.657349,30.780219,230.290039,29.258159,S1,5Ko
2.392260,237.730591,29.759204,222.499451,28.295453,S1,5Ko
2.696208,267.266724,33.943295,252.229797,32.396664,S1,5Ko
2.410162,238.516907,29.958945,224.161316,28.499417,S1,5Ko
5.500796,546.389282,68.227305,511.148499,64.852202,S1,12Ko
5.563099,552.623657,68.956381,516.754028,65.630742,S1,12Ko
5.390922,535.034058,66.824555,500.920471,63.630176,S1,12Ko
5.764599,573.359497,71.450709,535.461426,68.015615,S1,12Ko
5.423717,537.784424,67.260697,504.049194,64.093658,S1,12Ko
5.409773,525.002258,67.065836,518.970032,64.116976,S1,12Ko
5.457527,542.575684,67.684767,507.114197,64.549675,S1,12Ko
5.463052,545.856750,68.422044,509.360779,65.182621,S1,12Ko
5.699982,566.232483,70.716722,529.528931,67.396882,S1,12Ko
5.732745,569.593384,71.092368,532.507507,67.724440,S1,12Ko
5.439002,541.304810,67.467630,505.313416,64.280594,S1,12Ko
5.657161,560.740540,70.169548,525.613892,66.793037,S1,12Ko
5.347749,532.062317,66.312250,496.764343,63.164245,S1,12Ko
5.581935,555.069946,69.207668,518.511169,65.880622,S1,12Ko
5.699171,566.282166,70.699311,529.526550,67.349605,S1,12Ko
5.665527,562.833252,70.254326,526.470093,66.918987,S1,12Ko
5.614325,557.807129,69.596579,521.650391,66.265325,S1,12Ko
5.381480,534.837524,66.739885,500.859375,63.625264,S1,12Ko
5.647956,560.939148,70.018339,524.674927,66.773132,S1,12Ko
5.748245,571.053894,71.285179,533.908386,67.947560,S1,12Ko
5.565926,553.872437,68.985527,517.130615,65.794085,S1,12Ko
5.514289,547.528259,68.398895,512.199890,65.143912,S1,12Ko
5.480588,544.114502,67.948509,509.089539,64.714058,S1,12Ko
5.325793,529.875427,66.014176,494.838257,62.955690,S1,12Ko
5.615931,557.098755,69.599914,521.778870,66.294655,S1,12Ko
5.755571,569.731995,71.363178,534.670959,67.927379,S1,12Ko
5.449368,542.677734,68.049734,508.140076,64.780705,S1,12Ko
5.456502,543.818848,67.679734,506.866028,64.418967,S1,12Ko
5.632461,560.377319,69.887677,523.453369,66.563736,S1,12Ko
5.581276,555.042480,69.185575,518.639893,65.927945,S1,12Ko
1.668746,163.718262,20.928166,156.790527,20.078588,S2,1Ko
1.576373,154.732788,19.750372,147.369446,18.913952,S2,1Ko
1.527214,149.466797,19.101132,143.391479,18.370297,S2,1Ko
1.492574,146.473145,18.690006,139.733032,17.928984,S2,1Ko
1.568634,152.182190,19.600249,149.352783,18.862406,S2,1Ko
1.476818,144.871887,18.518845,138.191345,17.687259,S2,1Ko
1.504460,148.197327,18.885983,140.263000,18.008911,S2,1Ko
1.524421,149.332031,19.087010,142.766357,18.306450,S2,1Ko
1.702615,167.291443,21.342444,158.733154,20.322332,S2,1Ko
1.527036,149.757812,19.127066,142.952454,18.289972,S2,1Ko
1.577052,153.150574,19.701412,149.622925,18.891491,S2,1Ko
1.517711,149.335510,19.037423,141.444580,18.138395,S2,1Ko
1.729342,170.489197,21.778372,161.525940,20.769872,S2,1Ko
1.604972,157.792542,20.121979,149.565247,19.167947,S2,1Ko
1.544233,152.055054,19.378858,143.959961,18.455778,S2,1Ko
1.510310,148.802002,18.980140,140.725952,18.053862,S2,1Ko
1.643724,162.016602,20.606820,153.236328,19.612305,S2,1Ko
1.569718,153.773376,19.661387,146.766418,18.823850,S2,1Ko
1.529457,149.908264,19.129116,143.217896,18.322071,S2,1Ko
1.580469,155.208618,19.776551,147.898804,18.936320,S2,1Ko
1.598430,157.006165,20.018321,148.811218,19.080202,S2,1Ko
1.576770,154.534607,19.707701,147.762817,18.915864,S2,1Ko
1.668000,164.020752,20.958016,155.550171,20.029230,S2,1Ko
1.498935,146.840271,18.752277,140.214050,17.975174,S2,1Ko
1.660828,162.838806,20.752721,155.220703,19.900955,S2,1Ko
1.559889,153.481079,19.537488,145.903320,18.661793,S2,1Ko
1.536795,150.939880,19.227020,144.005066,18.406191,S2,1Ko
1.532995,150.096802,19.188602,143.420654,18.403100,S2,1Ko
1.584930,155.743286,19.897803,147.698425,18.996664,S2,1Ko
1.551116,152.110291,19.409809,145.180908,18.603805,S2,1Ko
3.601694,355.505554,45.087876,335.039368,42.883483,S2,5Ko
3.592546,352.966492,44.780973,335.657410,42.876720,S2,5Ko
3.675460,361.828247,45.743068,343.192200,43.911367,S2,5Ko
3.509191,345.645264,43.740390,328.003235,41.877431,S2,5Ko
3.485440,342.252014,43.468692,325.655029,41.614042,S2,5Ko
3.817092,375.744385,47.663983,356.027771,45.504419,S2,5Ko
3.478280,342.835388,43.539853,323.618774,41.431589,S2,5Ko
3.697459,364.034302,46.057636,345.167786,44.082054,S2,5Ko
3.667617,360.476562,45.822506,342.239075,43.669520,S2,5Ko
3.526403,347.790588,44.113893,327.933411,42.001529,S2,5Ko
3.583236,353.483765,44.779045,333.137329,42.637780,S2,5Ko
3.592370,354.031372,44.966012,334.093750,42.682838,S2,5Ko
3.550610,350.158569,44.401946,330.289917,42.229148,S2,5Ko
3.557321,350.756836,44.581844,330.796997,42.259594,S2,5Ko
3.626367,356.146912,45.189529,338.513428,43.229615,S2,5Ko
3.723325,366.037659,46.386280,347.649353,44.411387,S2,5Ko
3.561068,350.403992,44.550158,332.671143,42.375018,S2,5Ko
3.599180,353.690918,44.857856,336.194153,42.916041,S2,5Ko
3.484293,343.131409,43.530933,325.276978,41.443003,S2,5Ko
3.591763,352.570923,44.842908,335.101501,42.780743,S2,5Ko
3.627859,357.311462,45.397380,337.496643,43.082321,S2,5Ko
3.668363,361.602051,45.885006,341.244202,43.597993,S2,5Ko
3.501120,345.101868,43.811183,325.770874,41.643479,S2,5Ko
3.575862,351.502686,44.711894,333.579224,42.570292,S2,5Ko
3.500492,345.529236,43.837881,325.533630,41.616949,S2,5Ko
3.574840,353.297607,44.791959,332.413086,42.423412,S2,5Ko
3.601457,353.875916,45.001094,336.095459,42.904229,S2,5Ko
3.551655,349.308899,44.391680,330.356750,42.240118,S2,5Ko
3.690953,362.583862,46.124206,344.582092,43.896679,S2,5Ko
3.526237,346.245300,44.068820,328.968506,41.949448,S2,5Ko
8.116204,800.386963,101.409425,754.585510,96.177085,S2,12Ko
8.084074,785.595093,100.895559,767.921021,95.882575,S2,12Ko
8.147498,800.979980,101.412439,759.614136,96.713901,S2,12Ko
8.084885,794.100037,100.723694,754.010376,196526.758543,S2,12Ko
8.319135,817.410828,103.676992,775.828613,98.555409,S2,12Ko
7.913482,782.512817,98.729997,735.808716,93.773822,S2,12Ko
7.956974,782.303589,98.966964,742.919250,94.564297,S2,12Ko
8.167741,805.659607,101.504683,762.030334,97.071584,S2,12Ko
8.199780,806.610413,102.088577,764.662659,97.456180,S2,12Ko
8.090650,797.444824,101.023636,752.558228,96.090166,S2,12Ko
7.906508,780.082031,98.239296,738.132507,94.183419,S2,12Ko
8.216686,808.167969,102.291286,765.932068,97.669325,S2,12Ko
8.141917,804.306152,101.665669,756.764465,96.594301,S2,12Ko
7.717246,763.664124,96.374822,717.857300,91.695975,S2,12Ko
7.964181,784.369690,99.150487,743.017700,94.800804,S2,12Ko
7.966606,786.784790,99.496237,740.690857,94.510777,S2,12Ko
8.250667,813.518372,102.596139,770.386902,98.292433,S2,12Ko
8.023350,788.832397,99.627052,748.952148,95.647935,S2,12Ko
8.224345,808.427917,102.423081,767.383118,97.892123,S2,12Ko
8.133693,800.826843,101.248377,758.813293,96.884863,S2,12Ko
8.198494,808.413879,102.165276,762.315308,97.597491,S2,12Ko
7.876501,779.664185,98.376430,732.445801,93.347702,S2,12Ko
7.873593,776.440674,98.104136,734.549194,93.775628,S2,12Ko
7.766227,767.163025,96.851876,722.217041,92.324469,S2,12Ko
8.050103,791.119507,100.436789,750.947632,95.731473,S2,12Ko
7.933824,784.659546,99.022396,737.637512,94.284842,S2,12Ko
7.843009,773.610352,97.895306,729.279846,93.216581,S2,12Ko
8.031339,792.583191,100.133466,749.068359,95.447780,S2,12Ko
7.916116,780.878479,98.636040,738.452881,94.250326,S2,12Ko
7.633284,754.490662,95.089117,710.674744,91.035367,S2,12Ko
3.000537,295.381958,37.472852,280.169189,35.740127,S4,1Ko
2.751253,269.109314,34.348745,258.804749,32.779607,S4,1Ko
2.721182,267.486938,34.009024,253.604675,32.329206,S4,1Ko
2.737109,269.243713,34.200182,255.112061,32.527265,S4,1Ko
2.663197,262.371948,33.282182,247.996704,31.597897,S4,1Ko
2.719480,267.816650,34.006009,253.475525,32.302079,S4,1Ko
2.643856,260.408997,33.071791,246.579285,31.379566,S4,1Ko
2.805969,275.959290,35.079503,261.399963,33.315964,S4,1Ko
2.692688,264.704529,33.635948,251.509338,32.052016,S4,1Ko
2.630182,258.830322,32.891711,245.097229,31.250342,S4,1Ko
2.708821,266.787842,33.899659,252.365540,32.172243,S4,1Ko
2.709542,266.392456,33.848267,252.388000,32.162375,S4,1Ko
2.601710,256.083008,32.536552,242.625244,30.915149,S4,1Ko
2.683637,264.039246,33.557398,250.967651,31.997992,S4,1Ko
2.786573,274.230652,34.821714,259.502625,33.110087,S4,1Ko
2.624577,258.715332,32.857913,244.175903,31.146118,S4,1Ko
2.659490,261.648987,33.250511,247.843323,31.636759,S4,1Ko
2.725729,267.990723,34.050930,253.873230,32.397658,S4,1Ko
2.601019,256.093872,32.500413,242.274597,30.866358,S4,1Ko
2.609268,256.273987,32.580157,243.669189,31.064401,S4,1Ko
2.617248,258.072205,32.743163,243.737793,31.027069,S4,1Ko
2.877972,282.906799,35.946417,268.778687,34.204787,S4,1Ko
3.217366,316.221008,40.209578,299.266174,38.123698,S4,1Ko
2.651403,261.035461,33.146685,247.482910,31.560962,S4,1Ko
3.107021,305.170959,38.862566,289.925232,36.948689,S4,1Ko
2.721447,267.578064,34.058106,253.533936,32.354788,S4,1Ko
2.664053,262.352966,33.365903,248.361694,31.688993,S4,1Ko
2.647934,260.660461,33.136664,246.597290,31.390566,S4,1Ko
2.759396,271.504211,34.497537,256.795593,32.735895,S4,1Ko
2.667048,262.238464,33.349471,248.255371,31.650467,S4,1Ko
4.843282,476.864746,60.499153,450.602051,57.338219,S4,5Ko
4.691828,462.530640,58.637785,436.384766,55.536934,S4,5Ko
4.666275,459.640808,58.283835,434.025635,55.299723,S4,5Ko
4.592554,453.077576,57.483936,427.089172,54.371977,S4,5Ko
4.711158,464.165771,58.815923,438.640076,55.893945,S4,5Ko
4.730819,465.968994,59.165697,439.897095,55.977406,S4,5Ko
4.634368,456.560547,57.948230,431.219482,54.882707,S4,5Ko
5.267555,517.847168,65.766560,489.987061,62.312402,S4,5Ko
4.856479,477.678101,60.743892,451.753967,57.625201,S4,5Ko
4.727206,465.469666,59.060907,439.578735,56.063300,S4,5Ko
5.153105,506.916931,64.385689,479.233948,61.044537,S4,5Ko
4.677631,456.987976,58.403344,442.073425,55.610925,S4,5Ko
4.846889,477.165710,60.554860,450.855103,57.480738,S4,5Ko
4.715350,464.003906,58.947855,438.717651,55.969159,S4,5Ko
4.800873,472.472656,59.898582,446.563110,57.004969,S4,5Ko
4.791419,471.801453,59.911097,446.065125,56.986349,S4,5Ko
5.122307,505.218994,63.884614,476.437927,60.815419,S4,5Ko
5.083216,500.324585,63.459167,472.583252,60.263013,S4,5Ko
5.427444,533.744751,67.701429,504.672729,64.317666,S4,5Ko
5.568981,547.305664,69.464509,518.116455,65.993750,S4,5Ko
4.916383,485.328430,61.484442,456.833923,58.269790,S4,5Ko
4.879706,481.697510,60.905123,454.399536,57.984399,S4,5Ko
4.813391,474.556702,60.139282,447.621521,57.080827,S4,5Ko
4.765531,469.785522,59.497952,443.122192,56.523892,S4,5Ko
4.659956,459.590027,58.214098,433.499573,55.278227,S4,5Ko
4.645448,458.502625,58.091652,432.527710,55.127644,S4,5Ko
5.205923,512.882263,64.915100,484.623840,61.733587,S4,5Ko
5.341762,526.117249,66.753135,496.949707,63.329530,S4,5Ko
5.473732,538.192749,68.352077,509.429993,64.875825,S4,5Ko
4.786891,472.205872,59.802391,445.668518,56.771033,S4,5Ko
9.224513,909.594971,115.166191,858.109924,109.257560,S4,12Ko
9.308776,918.506653,116.199369,865.485657,110.204707,S4,12Ko
9.416398,914.612427,117.224836,894.956055,112.132660,S4,12Ko
9.187049,905.847595,114.639855,855.046326,108.930232,S4,12Ko
9.155372,901.606934,114.165785,851.837219,108.371767,S4,12Ko
9.149711,901.361511,114.271263,850.955688,108.264330,S4,12Ko
9.108159,896.971680,113.705285,847.400818,107.868458,S4,12Ko
9.513697,926.686462,118.845060,900.381226,112.719950,S4,12Ko
8.990590,888.336060,112.313108,836.369263,106.640296,S4,12Ko
8.950746,881.459106,111.676811,832.732117,106.197759,S4,12Ko
9.359321,922.717590,116.970106,870.398010,110.921175,S4,12Ko
9.307614,916.675720,116.228240,865.443298,110.153329,S4,12Ko
8.984421,885.150940,111.852777,838.359314,106.890268,S4,12Ko
8.957193,884.503052,111.762124,832.907288,106.063348,S4,12Ko
10.450835,1030.501221,130.736373,974.848450,124.119934,S4,12Ko
8.943293,883.661804,111.697344,832.330688,105.910226,S4,12Ko
9.895421,977.431091,123.576264,920.148193,117.072341,S4,12Ko
10.044096,979.108582,125.242021,950.750854,119.253846,S4,12Ko
9.499614,937.205811,118.596175,883.773071,112.600151,S4,12Ko
9.325768,919.092773,116.450151,867.368347,110.477414,S4,12Ko
9.144999,901.850830,113.951080,852.692078,108.549981,S4,12Ko
9.101261,898.362427,113.727333,845.898438,107.690733,S4,12Ko
9.109842,899.514771,113.821045,846.690979,107.886925,S4,12Ko
9.215560,909.156372,115.047600,857.148621,109.266786,S4,12Ko
9.187469,906.940186,114.701147,854.399475,108.825136,S4,12Ko
9.073859,896.894165,113.315778,843.738892,107.562473,S4,12Ko
9.409902,916.430542,117.350602,891.333252,111.803480,S4,12Ko
8.984640,875.082581,112.032016,851.881897,106.786778,S4,12Ko
9.038895,892.702759,112.798026,840.817322,107.311431,S4,12Ko
9.476705,934.980469,118.243556,881.529114,112.138412,S4,12Ko
4.151852,407.741455,52.053369,387.448120,49.549968,S5,1Ko
3.253326,319.958557,40.780941,303.903442,38.909308,S5,1Ko
3.285353,323.432800,41.219256,306.404907,39.322775,S5,1Ko
3.287702,323.906555,41.255517,307.106445,39.395725,S5,1Ko
3.318311,325.762817,41.558059,310.271057,39.808978,S5,1Ko
3.287389,323.908386,41.257720,306.372864,39.321933,S5,1Ko
3.471624,341.736572,43.573712,323.745911,41.492514,S5,1Ko
3.245369,319.253052,40.703018,303.308960,38.834598,S5,1Ko
3.169677,311.477966,39.695116,296.689941,37.982724,S5,1Ko
3.019233,297.048950,37.888124,282.333496,36.176666,S5,1Ko
3.321589,326.658875,41.674538,310.204895,39.720131,S5,1Ko
3.228099,317.820129,40.552053,301.271118,38.580725,S5,1Ko
3.078099,303.798645,38.754013,286.610657,36.717613,S5,1Ko
3.463634,340.593506,43.476587,323.288147,41.434389,S5,1Ko
3.169458,312.127136,39.873697,295.524170,37.926864,S5,1Ko
3.661654,359.558350,45.943942,341.317444,43.667240,S5,1Ko
3.255046,319.890747,40.813852,304.048523,38.987934,S5,1Ko
3.009911,296.449036,37.773558,281.539917,36.129420,S5,1Ko
3.104162,305.502380,38.966392,290.106018,37.180239,S5,1Ko
3.137967,308.852844,39.394165,293.309875,37.598266,S5,1Ko
3.361148,330.499451,42.162195,314.046997,40.206258,S5,1Ko
3.248852,319.654907,40.821670,303.177246,38.807869,S5,1Ko
3.041780,299.134399,38.140697,284.455933,36.472997,S5,1Ko
3.853078,378.188599,48.250126,358.998047,45.948532,S5,1Ko
3.256201,320.992126,41.012124,304.271851,39.062981,S5,1Ko
3.632994,356.294861,45.447273,340.111938,43.444243,S5,1Ko
3.036412,298.801819,38.076880,283.713562,36.272368,S5,1Ko
3.254066,319.916138,40.792401,304.058167,38.948980,S5,1Ko
3.053403,300.756104,38.359885,285.198425,36.521467,S5,1Ko
3.107727,305.912720,38.988271,289.726013,37.185870,S5,1Ko
5.803153,571.036194,72.924375,540.230164,69.126287,S5,5Ko
6.223660,611.379700,78.116736,581.363464,74.613357,S5,5Ko
6.657034,654.971130,83.626985,620.356384,79.580150,S5,5Ko
6.322186,617.160461,79.526202,596.917725,75.858532,S5,5Ko
6.398951,629.940918,80.440484,596.481262,76.500627,S5,5Ko
6.482887,635.149841,81.454507,609.121521,77.485886,S5,5Ko
6.216377,614.559082,78.581244,582.348938,74.772706,S5,5Ko
6.216790,613.066101,78.086304,580.038757,74.348652,S5,5Ko
6.764078,660.021301,84.931922,637.266418,80.823459,S5,5Ko
6.774735,665.057922,85.132030,631.814209,80.968946,S5,5Ko
6.067223,597.245667,76.377631,565.996826,72.495087,S5,5Ko
6.629915,651.656921,83.210993,618.259033,79.216928,S5,5Ko
6.144836,604.073730,77.410396,573.740417,73.442264,S5,5Ko
6.572643,646.114014,82.690196,612.828369,78.474358,S5,5Ko
6.565827,643.311462,82.479913,615.197632,78.395792,S5,5Ko
6.673776,653.479675,83.982633,625.127441,79.593782,S5,5Ko
6.366117,624.682251,80.074447,596.039429,75.967285,S5,5Ko
7.128954,698.260071,89.377429,668.277039,85.016883,S5,5Ko
6.506179,638.901123,81.924095,609.666016,77.615906,S5,5Ko
6.248028,613.166687,78.582697,585.786499,74.626056,S5,5Ko
6.121835,600.918762,76.980650,573.779968,73.038421,S5,5Ko
6.448492,631.857056,81.020186,604.494324,76.964217,S5,5Ko
6.290289,617.032532,79.093580,590.118103,75.113177,S5,5Ko
6.698385,656.509155,84.217351,627.188904,79.872319,S5,5Ko
7.130577,699.858032,89.570698,667.593933,84.949624,S5,5Ko
6.165330,605.776001,77.452303,576.772095,73.827794,S5,5Ko
6.165248,607.364136,77.538533,574.781616,73.532703,S5,5Ko
6.493155,633.928223,81.186237,610.437866,77.985110,S5,5Ko
6.741735,661.367310,84.781048,631.669556,80.465240,S5,5Ko
6.465587,633.284119,81.178832,606.019226,77.222512,S5,5Ko
12.414699,1209.328979,155.584109,1172.687256,147.911205,S5,12Ko
12.161267,1194.849121,152.620667,1135.314514,144.514528,S5,12Ko
12.331100,1210.102966,154.503883,1151.907227,146.932831,S5,12Ko
12.577278,1229.808838,157.202818,1178.104675,150.265232,S5,12Ko
12.289660,1203.869873,153.935151,1150.722778,146.682110,S5,12Ko
12.159921,1197.786682,152.680276,1136.069031,144.973498,S5,12Ko
12.395103,1220.077576,155.667907,1157.099304,147.491954,S5,12Ko
12.649064,1237.835083,157.844852,1185.066650,151.559230,S5,12Ko
12.255683,1203.057922,153.882427,1146.532776,146.400131,S5,12Ko
12.693726,1245.075012,159.140135,1187.914307,151.204637,S5,12Ko
12.057885,1173.148071,151.178765,1143.645569,144.359050,S5,12Ko
12.402911,1219.746643,155.738149,1158.217896,147.523044,S5,12Ko
12.370871,1216.292480,155.278736,1155.412781,147.178549,S5,12Ko
12.478961,1221.924683,156.040798,1170.076050,149.233063,S5,12Ko
12.262326,1191.872375,153.473137,1164.092896,146.530716,S5,12Ko
11.821259,1159.702148,148.340125,1107.225464,140.897853,S5,12Ko
13.610786,1326.869934,170.772449,1284.112305,162.024200,S5,12Ko
12.494685,1216.267700,156.614151,1184.070129,149.056394,S5,12Ko
13.048619,1282.787720,163.821216,1215.009155,155.145182,S5,12Ko
12.352937,1216.283997,155.346255,1150.516602,146.990497,S5,12Ko
11.744228,1157.166199,147.487165,1095.955383,139.893515,S5,12Ko
12.222075,1205.407593,153.702989,1137.804565,145.167134,S5,12Ko
11.669354,1146.230530,145.680021,1093.946167,139.808906,S5,12Ko
12.064935,1189.854370,151.709246,1123.588745,143.480309,S5,12Ko
12.087310,1188.901306,151.523045,1127.837463,144.105345,S5,12Ko
11.968758,1180.669250,150.330716,1115.020508,142.574962,S5,12Ko
11.940430,1175.887085,149.512426,1115.738586,142.774276,S5,12Ko
11.609040,1144.052246,145.843425,1081.764526,138.242936,S5,12Ko
12.214274,1203.749207,153.327175,1137.452393,145.248989,S5,12Ko
12.036765,1186.624390,151.118880,1120.742432,143.290865,S5,12Ko
2.862065,280.448486,36.156195,267.808167,34.424189,S3,1Ko
2.120505,208.389832,26.834655,198.011963,25.494176,S3,1Ko
2.077900,203.082581,26.260966,195.653503,24.995977,S3,1Ko
2.061419,201.080322,26.053636,194.960632,24.851163,S3,1Ko
2.045332,200.714600,25.860213,191.639832,24.684194,S3,1Ko
2.196567,215.158325,27.769760,205.413574,26.480919,S3,1Ko
2.053714,201.892273,25.981863,192.361328,24.779666,S3,1Ko
2.036991,199.728882,25.760013,190.734985,24.548773,S3,1Ko
2.079763,202.973511,26.277077,196.590759,25.079179,S3,1Ko
2.170137,211.985840,27.388805,204.368835,26.097164,S3,1Ko
2.051439,201.268555,25.942053,191.837891,24.686045,S3,1Ko
1.986110,195.060181,25.139017,185.708557,23.926140,S3,1Ko
2.004907,197.410339,25.375570,187.440918,24.140264,S3,1Ko
2.253556,221.364014,28.475060,210.515564,27.057729,S3,1Ko
2.028926,197.672119,25.645814,192.120300,24.519612,S3,1Ko
2.070977,203.710022,26.180840,193.536255,24.942611,S3,1Ko
2.427200,237.391541,30.572934,227.903015,29.233710,S3,1Ko
2.072300,203.434326,26.199812,193.546753,24.896986,S3,1Ko
2.145239,210.867615,27.158984,200.135742,25.776690,S3,1Ko
1.979059,194.275574,25.039001,185.543030,23.847758,S3,1Ko
2.112810,207.596069,26.724265,197.424377,25.437566,S3,1Ko
2.128522,209.535583,26.922109,198.933716,25.625618,S3,1Ko
2.113490,207.623474,26.702968,197.967285,25.467584,S3,1Ko
2.011010,197.626709,25.445292,187.872314,24.178406,S3,1Ko
2.128775,208.942017,26.868468,199.434387,25.616101,S3,1Ko
1.969125,194.088318,24.887592,184.160034,23.669528,S3,1Ko
2.030673,199.447510,25.726889,190.278809,24.503623,S3,1Ko
1.976692,194.095337,25.011767,185.109863,23.838333,S3,1Ko
2.054583,202.019775,25.951692,192.656555,24.768344,S3,1Ko
2.263614,222.013672,28.571801,211.728821,27.218884,S3,1Ko
4.620053,454.585022,58.071135,431.586426,55.194597,S3,5Ko
4.652654,456.811829,58.422928,435.056458,55.666464,S3,5Ko
5.229783,513.457581,65.725174,489.066101,62.596400,S3,5Ko
4.713641,457.902344,59.106073,448.485596,56.586775,S3,5Ko
4.809880,469.802490,60.564239,453.606262,57.502021,S3,5Ko
5.456796,530.207031,68.376128,517.132263,65.482745,S3,5Ko
5.271326,511.648071,65.958438,500.011230,63.226164,S3,5Ko
4.788436,471.177612,60.282321,448.112000,57.266783,S3,5Ko
4.942877,480.742371,62.018978,468.849060,59.160372,S3,5Ko
4.504226,444.011292,56.854479,419.699585,53.887365,S3,5Ko
4.804615,473.596802,60.566611,448.657776,57.359057,S3,5Ko
4.886927,481.057312,61.470841,456.844238,58.487677,S3,5Ko
4.661496,460.457947,58.703805,434.297119,55.645381,S3,5Ko
4.858900,478.300476,61.285037,453.002991,58.001887,S3,5Ko
4.656433,458.354675,58.575438,435.291443,55.764461,S3,5Ko
4.901433,483.516602,61.730650,456.855347,58.396795,S3,5Ko
4.656557,459.217407,58.708426,434.143066,55.528397,S3,5Ko
5.037973,495.050537,63.420412,470.428467,60.134676,S3,5Ko
4.647177,457.662598,58.525529,434.526001,55.587164,S3,5Ko
4.652402,458.932983,58.766122,433.606628,55.533171,S3,5Ko
4.796032,471.759705,60.414789,448.372803,57.427785,S3,5Ko
4.496677,443.104675,56.662494,419.906433,53.888405,S3,5Ko
4.795989,472.040894,60.420327,447.965027,57.216676,S3,5Ko
4.894855,482.373352,61.697801,456.198425,58.390767,S3,5Ko
4.994571,487.885071,63.120349,472.292725,59.881201,S3,5Ko
5.079272,498.526672,63.754916,475.285034,60.724537,S3,5Ko
4.801730,473.090881,60.484205,447.334473,57.355401,S3,5Ko
4.696187,462.234375,59.108873,439.132812,56.156967,S3,5Ko
5.067141,498.393799,63.778647,472.038391,60.441074,S3,5Ko
5.062939,498.375122,63.726581,472.680420,60.506971,S3,5Ko
10.236824,1007.296448,128.623887,956.298035,122.254237,S3,12Ko
10.995655,1082.112305,138.079073,1026.023987,131.248005,S3,12Ko
11.002166,1082.166443,138.047524,1027.820679,131.370910,S3,12Ko
10.441152,1027.554993,131.105945,975.492065,124.631199,S3,12Ko
10.436486,1018.130127,131.364178,987.102295,124.366983,S3,12Ko
10.437840,1029.527039,131.409941,971.938477,124.237102,S3,12Ko
10.286108,1016.025146,129.442406,957.744751,122.383491,S3,12Ko
10.775434,1064.382202,135.473498,1005.974731,128.555863,S3,12Ko
11.046014,1087.205078,138.552898,1031.287781,131.977907,S3,12Ko
10.422891,1017.704529,130.767861,985.203247,124.671560,S3,12Ko
10.304730,1018.127441,129.600256,959.172974,122.831950,S3,12Ko
10.080527,993.840271,126.330402,942.049866,120.687853,S3,12Ko
10.646039,1046.746643,133.603655,994.588074,127.297576,S3,12Ko
10.875067,1070.307617,136.757596,1014.899475,129.703623,S3,12Ko
10.827583,1064.579407,135.756670,1011.536560,129.449475,S3,12Ko
10.904572,1074.868774,137.164852,1016.023865,130.029070,S3,12Ko
10.918421,1077.705078,137.236548,1016.498352,130.089107,S3,12Ko
11.020243,1083.783203,138.262550,1029.634644,131.766859,S3,12Ko
10.488539,1032.401062,131.574737,979.964233,125.377227,S3,12Ko
11.046305,1090.814270,138.870588,1028.954163,131.765191,S3,12Ko
10.153528,990.311462,127.729587,961.281128,121.072756,S3,12Ko
10.561913,1033.146179,132.709737,994.833801,126.122628,S3,12Ko
10.295820,1015.316528,129.532906,959.156372,123.026367,S3,12Ko
11.063981,1089.913696,139.096079,1030.278748,131.935281,S3,12Ko
10.573181,1042.737000,133.099780,984.528748,125.953364,S3,12Ko
10.308725,1014.735657,129.408241,962.621338,123.083757,S3,12Ko
10.259458,1013.379089,129.087798,955.074707,122.244491,S3,12Ko
11.087771,1078.096619,138.995206,1052.131348,132.885427,S3,12Ko
10.516268,1037.524231,132.375799,979.139648,125.407597,S3,12Ko
11.109141,1092.543640,139.510204,1036.886353,132.473306,S3,12Ko
